{
	"folders": {},
	"connections": {
		"mysql8-17e44ab73f7-133043856fb9a8a4": {
			"provider": "mysql",
			"driver": "mysql8",
			"name": "MySQL - cst8277",
			"save-password": true,
			"read-only": false,
			"configuration": {
				"host": "localhost",
				"port": "3306",
				"database": "databank",
				"url": "jdbc:mysql://localhost:3306/databank",
				"home": "/usr/local/Cellar/mysql/8.0.26",
				"type": "dev",
				"properties": {
					"connectTimeout": "20000",
					"rewriteBatchedStatements": "true",
					"enabledTLSProtocols": "TLSv1,TLSv1.1,TLSv1.2",
					"allowPublicKeyRetrieval": "TRUE",
					"useSSL": "FALSE"
				},
				"auth-model": "native"
			}
		},
		"mysql8-17e44ab7492-d9be37abf928a4b": {
			"provider": "mysql",
			"driver": "mysql8",
			"name": "MySQL - root",
			"save-password": true,
			"read-only": false,
			"configuration": {
				"host": "localhost",
				"port": "3306",
				"url": "jdbc:mysql://localhost:3306/",
				"home": "/usr/local/Cellar/mysql/8.0.26",
				"type": "dev",
				"properties": {
					"connectTimeout": "20000",
					"rewriteBatchedStatements": "true",
					"enabledTLSProtocols": "TLSv1,TLSv1.1,TLSv1.2",
					"allowPublicKeyRetrieval": "TRUE",
					"useSSL": "FALSE"
				},
				"auth-model": "native"
			}
		}
	},
	"connection-types": {
		"dev": {
			"name": "Development",
			"color": "255,255,255",
			"description": "Regular development database",
			"auto-commit": true,
			"confirm-execute": false,
			"confirm-data-change": false,
			"auto-close-transactions": false
		}
	}
}