<?xml version="1.0" encoding="UTF-8"?>
<project-private xmlns="http://www.netbeans.org/ns/project-private/1">
    <editor-bookmarks xmlns="http://www.netbeans.org/ns/editor-bookmarks/2" lastBookmarkId="0"/>
    <open-files xmlns="http://www.netbeans.org/ns/projectui-open-files/2">
        <group>
            <file>file:/C:/Users/ONUR/OneDrive/Masaüstü/Algonquin%20College/Algonquin%20College%20v3/Java%20OOP%20Design%20Patterns/Lab3/src/launch/ShannonsLaunch.java</file>
            <file>file:/C:/Users/ONUR/OneDrive/Masaüstü/Algonquin%20College/Algonquin%20College%20v3/Java%20OOP%20Design%20Patterns/Lab3/src/view/ShannonsPresenter.java</file>
            <file>file:/C:/Users/ONUR/OneDrive/Masaüstü/Algonquin%20College/Algonquin%20College%20v3/Java%20OOP%20Design%20Patterns/Lab3/src/view/ShannonsView.java</file>
        </group>
    </open-files>
</project-private>
