<?xml version="1.0" encoding="UTF-8"?>
<project-private xmlns="http://www.netbeans.org/ns/project-private/1">
    <editor-bookmarks xmlns="http://www.netbeans.org/ns/editor-bookmarks/2" lastBookmarkId="0"/>
    <open-files xmlns="http://www.netbeans.org/ns/projectui-open-files/2">
        <group>
            <file>file:/C:/Users/ONUR/Onur/ApacheWorkplace/Lab02/src/dataaccesslayer/DataSource.java</file>
            <file>file:/C:/Users/ONUR/Onur/ApacheWorkplace/Lab02/src/transferobjects/RecipientsDTO.java</file>
            <file>file:/C:/Users/ONUR/Onur/ApacheWorkplace/Lab02/src/dataaccesslayer/RecipientsDaoImpl.java</file>
            <file>file:/C:/Users/ONUR/Onur/ApacheWorkplace/Lab02/src/businesslayer/ValidationException.java</file>
            <file>file:/C:/Users/ONUR/Onur/ApacheWorkplace/Lab02/src/Launch/Launcher.java</file>
            <file>file:/C:/Users/ONUR/Onur/ApacheWorkplace/Lab02/src/Launch/SimpleDemo.java</file>
            <file>file:/C:/Users/ONUR/Onur/ApacheWorkplace/Lab02/src/businesslayer/RecipientsBusinessLogic.java</file>
            <file>file:/C:/Users/ONUR/Onur/ApacheWorkplace/Lab02/src/dataaccesslayer/RecipientsDao.java</file>
            <file>file:/C:/Users/ONUR/Onur/ApacheWorkplace/Lab02/src/Launch/recipients.sql</file>
        </group>
    </open-files>
</project-private>
