Survived,Pclass,Sex,Embarked,AgeGroup,Relatives,frequency_fare_fare,Title
0,3,male,S,Youth,Few,reallyCheap,Mr
1,1,female,C,Adult,Few,expensive,Mrs
1,3,female,S,Youth,None,cheap,Miss
1,1,female,S,Adult,Few,expensive,Mrs
0,3,male,S,Adult,None,cheap,Mr
0,3,male,Q,NK,None,cheap,Mr
0,1,male,S,Adult,None,expensive,Mr
0,3,male,S,Teen,Many,average,Master
1,3,female,S,Youth,Few,cheap,Mrs
1,2,female,C,Youth,Few,average,Mrs
1,3,female,S,Teen,Few,average,Miss
1,1,female,S,Adult,None,average,Miss
0,3,male,S,Youth,None,cheap,Mr
0,3,male,S,Adult,Many,expensive,Mr
0,3,female,S,Youth,None,reallyCheap,Miss
1,2,female,S,Adult,None,average,Mrs
0,3,male,Q,Teen,Many,average,Master
1,2,male,S,NK,None,cheap,Mr
0,3,female,S,Adult,Few,average,Mrs
1,3,female,C,NK,None,reallyCheap,Mrs
0,2,male,S,Adult,None,average,Mr
1,2,male,S,Adult,None,cheap,Mr
1,3,female,Q,Youth,None,cheap,Miss
1,1,male,S,Youth,None,expensive,Mr
0,3,female,S,Teen,Many,average,Miss
1,3,female,S,Adult,Many,expensive,Mrs
0,3,male,C,NK,None,reallyCheap,Mr
0,1,male,S,Youth,Many,expensive,Mr
1,3,female,Q,NK,None,reallyCheap,Miss
0,3,male,S,NK,None,reallyCheap,Mr
0,1,male,C,Adult,None,average,Rare
1,1,female,C,NK,Few,expensive,Mrs
1,3,female,Q,NK,None,reallyCheap,Miss
0,2,male,S,Senior,None,cheap,Mr
0,1,male,C,Youth,Few,expensive,Mr
0,1,male,S,Adult,Few,expensive,Mr
1,3,male,C,NK,None,reallyCheap,Mr
0,3,male,S,Youth,None,cheap,Mr
0,3,female,S,Youth,Few,average,Miss
1,3,female,C,Youth,Few,cheap,Miss
0,3,female,S,Adult,Few,cheap,Mrs
0,2,female,S,Youth,Few,average,Mrs
0,3,male,C,NK,None,reallyCheap,Mr
1,2,female,C,Teen,Many,expensive,Miss
1,3,female,Q,Youth,None,reallyCheap,Miss
0,3,male,S,NK,None,cheap,Mr
0,3,male,Q,NK,Few,average,Mr
1,3,female,Q,NK,None,reallyCheap,Miss
0,3,male,C,NK,Few,average,Mr
0,3,female,S,Youth,Few,average,Mrs
0,3,male,S,Teen,Many,expensive,Master
0,3,male,S,Youth,None,reallyCheap,Mr
1,1,female,C,Adult,Few,expensive,Mrs
1,2,female,S,Youth,Few,average,Mrs
0,1,male,C,Adult,Few,expensive,Mr
1,1,male,S,NK,None,expensive,Mr
1,2,female,S,Youth,None,cheap,Miss
0,3,male,C,Youth,None,reallyCheap,Mr
1,2,female,S,Teen,Many,average,Miss
0,3,male,S,Teen,Many,expensive,Master
0,3,male,C,Youth,None,reallyCheap,Mr
0,1,male,S,Adult,Few,expensive,Mr
0,3,male,S,Teen,Many,average,Master
0,1,male,C,NK,None,average,Mr
1,3,male,C,NK,Few,average,Master
1,2,female,S,Youth,None,cheap,Mrs
0,3,male,S,Youth,None,cheap,Mr
1,3,female,S,Youth,Many,cheap,Miss
0,3,male,S,Youth,Few,cheap,Mr
0,2,male,S,Adult,None,cheap,Mr
0,3,female,S,Youth,Many,expensive,Miss
0,2,male,S,Youth,None,expensive,Mr
0,3,male,C,Youth,Few,cheap,Mr
1,3,male,S,Adult,None,expensive,Mr
0,3,male,S,Youth,None,reallyCheap,Mr
0,3,male,S,NK,None,reallyCheap,Mr
0,3,male,S,NK,None,cheap,Mr
1,2,male,S,Baby,Few,average,Master
1,3,female,S,Adult,None,cheap,Miss
0,3,male,S,Youth,None,cheap,Mr
1,3,male,S,Youth,None,cheap,Mr
1,3,female,Q,NK,None,reallyCheap,Miss
0,1,male,S,Youth,None,expensive,Mr
1,2,female,S,Youth,None,cheap,Miss
1,3,female,S,Adult,Many,average,Mrs
0,3,male,S,Youth,Many,expensive,Mr
0,3,male,S,NK,None,cheap,Mr
1,1,female,S,Youth,Many,expensive,Miss
0,3,male,S,Youth,None,cheap,Mr
0,3,male,S,Youth,None,cheap,Mr
0,3,male,S,Youth,None,reallyCheap,Mr
0,1,male,S,Adult,Few,expensive,Mr
0,3,male,S,Youth,Many,average,Mr
0,3,male,S,Adult,None,reallyCheap,Mr
0,3,male,S,NK,None,cheap,Mr
0,1,male,C,Senior,None,expensive,Mr
1,1,male,C,Youth,Few,expensive,Mr
1,2,female,S,Adult,Few,average,Mrs
0,2,male,S,Adult,Few,average,Mr
0,3,female,S,Youth,None,reallyCheap,Miss
0,3,male,S,NK,None,reallyCheap,Mr
0,1,male,S,Youth,Few,expensive,Mr
0,3,male,S,Adult,None,cheap,Mr
0,3,male,S,Adult,Few,cheap,Mr
0,3,male,S,Youth,None,reallyCheap,Mr
1,3,female,S,Youth,None,reallyCheap,Miss
1,3,male,S,NK,None,reallyCheap,Mr
0,3,male,S,Adult,None,reallyCheap,Mr
1,3,female,Q,NK,Few,average,Miss
0,1,male,S,Adult,None,expensive,Mr
0,3,female,C,Youth,Few,cheap,Miss
0,3,male,S,Youth,None,cheap,Mr
0,3,female,S,Youth,Few,cheap,Miss
0,3,female,C,Youth,None,average,Miss
0,3,male,S,Youth,None,cheap,Mr
0,3,male,Q,Senior,None,reallyCheap,Mr
0,2,male,S,Youth,Few,average,Mr
0,1,male,C,Youth,Few,expensive,Mr
0,3,female,S,Teen,Many,expensive,Miss
0,2,male,S,Youth,Few,expensive,Mr
0,3,male,S,NK,None,cheap,Mr
0,2,male,C,Adult,Few,average,Mr
1,2,female,S,Adult,None,cheap,Miss
0,1,male,S,Adult,Few,expensive,Mr
1,3,male,C,Youth,Few,cheap,Master
0,3,male,Q,NK,None,reallyCheap,Mr
1,3,male,S,Youth,None,reallyCheap,Mr
1,3,female,C,NK,Few,average,Miss
0,3,male,S,Adult,None,reallyCheap,Mr
0,3,male,C,Adult,None,reallyCheap,Mr
0,3,male,S,Youth,None,reallyCheap,Mr
0,3,female,S,Adult,Few,average,Mrs
1,2,female,S,Youth,Few,average,Mrs
0,2,male,S,Youth,None,cheap,Mr
0,2,male,C,Youth,None,average,Mr
1,1,female,S,Youth,Few,average,Miss
0,1,male,S,Adult,Few,expensive,Mr
0,3,male,S,Youth,None,cheap,Mr
0,1,male,C,Youth,None,expensive,Mr
0,3,female,C,NK,Few,average,Mrs
1,3,female,S,Youth,None,reallyCheap,Miss
1,3,female,S,Youth,Few,average,Mrs
0,3,male,Q,Youth,None,reallyCheap,Mr
0,2,male,S,Youth,None,cheap,Mr
0,2,male,S,Youth,Few,expensive,Mr
1,3,male,S,Youth,None,reallyCheap,Mr
0,3,female,S,Teen,Many,expensive,Miss
0,2,male,S,Adult,Few,average,Mr
0,2,male,S,Adult,None,cheap,Rare
0,2,male,S,Adult,None,cheap,Rare
1,1,female,S,Youth,Few,expensive,Mrs
0,3,male,S,Adult,None,cheap,Mr
0,3,male,S,Adult,Few,average,Mr
0,3,male,S,NK,None,reallyCheap,Mr
0,1,male,C,Adult,Few,expensive,Mr
1,3,female,Q,Youth,None,reallyCheap,Miss
0,3,male,S,Adult,None,cheap,Mr
0,3,male,S,NK,None,cheap,Mr
0,3,male,S,NK,Many,expensive,Master
0,3,male,S,Adult,Few,average,Mr
1,2,female,S,Adult,None,average,Mrs
0,3,male,S,Youth,None,reallyCheap,Mr
0,3,male,S,Youth,None,cheap,Mr
0,3,male,S,Baby,Many,expensive,Master
1,3,male,S,Teen,Few,average,Master
1,1,female,S,NK,Few,expensive,Mrs
0,3,female,S,Adult,Many,average,Mrs
0,1,male,S,NK,None,average,Mr
0,3,male,S,Youth,None,expensive,Mr
0,1,male,S,Adult,None,expensive,Mr
0,3,male,Q,Teen,Many,average,Master
1,3,female,S,Baby,Few,cheap,Miss
0,3,male,S,Youth,None,cheap,Mr
0,1,male,C,Adult,None,average,Mr
0,3,male,S,Youth,Few,reallyCheap,Mr
0,3,male,S,NK,Many,average,Master
0,1,female,C,Adult,None,average,Miss
0,2,male,S,Adult,None,cheap,Mr
0,3,male,S,Adult,None,reallyCheap,Mr
0,3,female,S,NK,Many,expensive,Miss
0,2,male,C,NK,None,average,Mr
0,3,male,S,Teen,Many,expensive,Master
1,2,male,S,Baby,Many,expensive,Master
1,3,female,S,Teen,Few,average,Miss
0,1,male,S,NK,None,expensive,Mr
1,3,female,Q,NK,Few,average,Mrs
1,1,male,S,Adult,None,average,Mr
0,3,male,Q,Adult,Few,average,Mr
0,3,male,S,Adult,None,reallyCheap,Mr
1,2,female,S,Adult,None,cheap,Mrs
0,2,male,S,Youth,None,cheap,Mr
1,3,female,S,Youth,Few,reallyCheap,Miss
1,2,male,S,Teen,Few,average,Master
1,1,female,C,Adult,None,average,Mrs
1,1,female,C,Adult,None,expensive,Miss
0,3,male,Q,NK,None,reallyCheap,Mr
0,3,male,S,Adult,Few,cheap,Mr
1,3,female,Q,NK,None,reallyCheap,Miss
0,2,female,S,Youth,None,cheap,Miss
0,3,male,S,Youth,None,cheap,Mr
0,3,male,S,NK,Many,expensive,Mr
0,3,male,S,Adult,None,reallyCheap,Mr
0,3,male,C,Adult,None,reallyCheap,Mr
1,3,male,S,Youth,None,cheap,Mr
0,3,female,S,Teen,Few,cheap,Miss
0,3,male,S,Adult,Few,average,Mr
1,3,male,C,Youth,None,average,Mr
1,3,female,Q,Youth,None,reallyCheap,Miss
1,1,male,C,Adult,None,average,Mr
0,3,male,S,Youth,None,reallyCheap,Mr
1,2,female,S,Adult,None,average,Miss
0,3,male,S,Youth,None,reallyCheap,Mr
0,2,male,S,Adult,None,cheap,Mr
0,3,male,Q,NK,Few,reallyCheap,Mr
1,1,female,C,Adult,Few,expensive,Miss
1,3,female,S,Youth,None,cheap,Miss
0,2,male,S,Adult,Few,average,Mr
1,1,female,C,Adult,None,expensive,Miss
0,2,male,S,Adult,None,cheap,Mr
1,3,male,S,Youth,None,cheap,Mr
0,2,male,S,Youth,None,cheap,Mr
0,3,male,S,Adult,None,cheap,Mr
0,3,male,S,NK,None,reallyCheap,Mr
1,1,male,S,Adult,Few,expensive,Mr
0,3,male,S,Youth,None,cheap,Mr
1,2,male,S,Youth,None,cheap,Mr
0,3,male,S,Youth,None,reallyCheap,Mr
0,2,male,S,Youth,None,cheap,Mr
0,3,female,S,NK,Many,average,Miss
1,1,female,S,Adult,Few,expensive,Mrs
0,3,male,S,Youth,None,reallyCheap,Mr
0,2,male,S,Adult,None,cheap,Mr
1,3,female,S,Teen,Many,expensive,Miss
0,2,male,S,Youth,None,cheap,Mr
0,3,female,S,NK,None,reallyCheap,Miss
0,2,male,S,Adult,Few,average,Mr
1,2,female,S,Teen,Few,average,Miss
0,2,male,S,Youth,None,cheap,Mr
0,2,male,S,Adult,None,cheap,Mr
0,3,female,C,NK,Few,cheap,Miss
1,3,female,Q,NK,Few,average,Miss
0,2,male,S,Youth,None,cheap,Mr
0,3,male,S,Youth,None,reallyCheap,Mr
0,3,male,C,Adult,None,reallyCheap,Mr
0,1,male,Q,Adult,Few,expensive,Rare
0,3,female,S,Youth,None,reallyCheap,Miss
1,2,female,S,Youth,Few,average,Mrs
1,1,male,S,Adult,Few,expensive,Mr
0,2,male,S,Adult,Few,average,Rare
0,3,male,S,NK,None,reallyCheap,Mr
0,3,female,S,Youth,Few,cheap,Mrs
0,1,male,S,Adult,None,average,Mr
0,3,male,S,Adult,Few,average,Mr
0,3,female,S,Adult,Few,average,Mrs
1,3,female,C,Youth,Few,average,Mrs
1,1,female,C,NK,None,expensive,Mrs
1,1,female,S,Adult,None,expensive,Miss
1,1,female,C,Adult,None,expensive,Miss
1,2,female,S,Adult,Few,average,Mrs
0,3,male,Q,NK,None,reallyCheap,Mr
1,3,male,S,Teen,Many,expensive,Master
0,1,male,S,Adult,Few,expensive,Mr
0,1,male,S,Adult,None,reallyCheap,Mr
0,3,female,Q,NK,None,reallyCheap,Miss
0,2,male,S,Adult,None,cheap,Mr
0,3,male,S,Youth,Many,expensive,Mr
1,3,male,S,Youth,Few,reallyCheap,Mr
1,1,female,S,Adult,Few,expensive,Mrs
1,1,female,S,Adult,None,expensive,Miss
0,1,male,S,NK,None,average,Mr
1,3,male,S,Youth,None,reallyCheap,Mr
1,2,female,S,Adult,Few,average,Mrs
0,1,male,C,Adult,Few,average,Mr
1,3,female,Q,NK,None,reallyCheap,Miss
1,1,female,S,Adult,Few,expensive,Miss
0,3,female,S,Adult,None,reallyCheap,Miss
0,2,male,S,NK,None,reallyCheap,Mr
0,3,male,Q,Teen,Many,average,Master
1,3,female,S,Adult,Few,average,Mrs
0,3,male,Q,Adult,None,reallyCheap,Mr
0,3,male,S,Youth,None,reallyCheap,Mr
0,3,male,S,Youth,None,cheap,Mr
1,3,male,S,Youth,None,cheap,Mr
0,1,male,S,NK,None,average,Mr
0,3,male,C,Adult,None,cheap,Mr
1,3,male,S,Adult,None,cheap,Mr
0,3,male,S,Youth,None,reallyCheap,Mr
1,2,male,S,Adult,None,cheap,Mr
1,3,female,Q,Youth,None,reallyCheap,Miss
1,1,female,S,Youth,None,expensive,Miss
1,1,female,C,Youth,Few,expensive,Mrs
0,2,male,C,Adult,None,cheap,Mr
0,3,female,S,Youth,None,cheap,Miss
0,3,male,S,Youth,None,reallyCheap,Mr
0,1,male,C,NK,None,average,Mr
0,3,male,C,Youth,None,reallyCheap,Mr
0,1,female,S,Teen,Many,expensive,Miss
1,1,male,S,NK,None,average,Mr
1,1,female,C,Adult,Few,expensive,Mrs
1,3,female,Q,NK,None,reallyCheap,Miss
1,3,male,Q,NK,Few,average,Mr
0,3,male,S,Youth,None,reallyCheap,Mr
1,2,female,Q,NK,None,cheap,Miss
0,3,male,S,NK,None,cheap,Mr
1,1,male,S,Baby,Many,expensive,Master
1,1,female,C,NK,None,expensive,Miss
1,1,female,C,Youth,Few,expensive,Mrs
0,2,male,C,Adult,Few,average,Mr
1,1,female,C,Adult,None,expensive,Miss
1,1,female,C,Youth,None,expensive,Miss
1,1,female,C,Youth,Many,expensive,Miss
0,2,female,S,Youth,Few,average,Mrs
0,3,male,S,Youth,None,reallyCheap,Mr
0,2,male,S,Adult,Few,average,Mr
1,3,female,S,Youth,None,reallyCheap,Miss
1,2,female,S,Youth,Few,average,Mrs
0,2,male,S,Adult,None,cheap,Rare
1,1,female,S,Adult,Few,expensive,Miss
1,1,female,C,Adult,Few,expensive,Mrs
0,3,male,S,Youth,None,reallyCheap,Mr
0,3,male,S,Youth,None,reallyCheap,Mr
1,2,female,Q,Adult,None,cheap,Miss
1,2,female,S,Youth,Few,average,Mrs
0,3,male,S,NK,Many,expensive,Mr
1,1,female,C,Adult,None,expensive,Miss
0,3,male,S,Adult,None,reallyCheap,Mr
1,2,female,S,Adult,None,cheap,Mrs
1,3,female,S,Adult,Few,average,Mrs
1,1,female,C,Youth,Few,expensive,Miss
1,3,female,Q,NK,Few,average,Miss
0,1,male,S,Adult,None,average,Mr
0,1,male,S,Adult,Few,expensive,Mr
0,3,male,S,Youth,Few,average,Mr
1,1,female,S,NK,Few,expensive,Mrs
0,3,male,S,NK,None,reallyCheap,Mr
0,1,male,S,Youth,Few,expensive,Mr
1,1,female,C,Adult,None,expensive,Miss
1,3,male,S,Adult,None,cheap,Mr
0,1,male,S,Adult,None,expensive,Mr
1,2,male,S,Teen,Few,average,Master
1,1,female,S,Youth,Many,expensive,Miss
0,2,male,S,Youth,None,cheap,Mr
0,2,male,S,Youth,None,cheap,Mr
0,2,male,S,Adult,None,cheap,Mr
1,2,female,S,Youth,None,cheap,Miss
1,2,female,S,Adult,None,cheap,Miss
1,3,female,S,NK,Few,average,Mrs
1,3,male,S,Teen,Few,average,Master
0,3,male,S,Adult,None,cheap,Mr
0,3,male,S,Youth,None,cheap,Mr
0,1,male,S,NK,None,expensive,Mr
0,3,male,C,Youth,Few,reallyCheap,Mr
0,3,male,S,Youth,Few,average,Mr
0,3,male,C,NK,None,reallyCheap,Mr
0,3,male,S,Youth,None,cheap,Mr
1,1,female,S,Youth,Few,expensive,Miss
0,2,female,S,Adult,None,cheap,Miss
1,3,female,Q,NK,None,reallyCheap,Miss
1,3,female,Q,NK,None,reallyCheap,Miss
0,3,male,S,Adult,Many,average,Mr
0,2,male,C,Youth,Few,average,Mr
0,3,female,C,Adult,Few,cheap,Mrs
0,3,male,S,Adult,None,reallyCheap,Mr
0,3,male,Q,NK,Few,average,Mr
0,3,male,S,Adult,None,reallyCheap,Mr
1,1,female,C,Adult,Few,expensive,Mrs
1,3,female,C,NK,None,reallyCheap,Mrs
1,3,female,Q,NK,None,reallyCheap,Miss
1,1,female,C,Youth,None,expensive,Rare
1,1,male,C,Youth,Few,expensive,Mr
0,3,male,S,Youth,Few,reallyCheap,Mr
0,3,male,S,Youth,None,cheap,Mr
0,1,male,C,Youth,None,expensive,Mr
0,3,female,S,Teen,Many,average,Miss
1,1,female,C,NK,Few,expensive,Mrs
1,3,female,S,Youth,None,reallyCheap,Miss
0,1,male,C,Youth,Few,expensive,Mr
0,3,male,C,Youth,None,reallyCheap,Mr
0,3,male,S,Youth,None,reallyCheap,Mr
1,1,female,C,Adult,None,expensive,Miss
1,3,female,C,Baby,Few,average,Miss
0,3,male,S,Adult,None,cheap,Mr
1,1,female,S,Adult,Few,expensive,Mrs
0,3,male,S,NK,None,reallyCheap,Mr
0,2,male,S,Youth,None,expensive,Mr
0,3,male,S,Baby,Many,expensive,Master
1,2,female,S,Adult,None,cheap,Miss
0,3,male,Q,NK,None,reallyCheap,Mr
1,2,female,C,Youth,None,cheap,Miss
1,1,male,S,Adult,Many,expensive,Mr
1,3,male,S,Youth,None,reallyCheap,Mr
0,3,male,S,Youth,Few,cheap,Mr
1,1,female,C,Youth,Few,expensive,Miss
1,3,female,S,Youth,Few,average,Mrs
0,3,male,S,Youth,None,reallyCheap,Mr
0,3,female,S,Adult,None,reallyCheap,Miss
0,2,male,S,Adult,None,average,Mr
0,2,male,S,Youth,None,cheap,Rare
1,2,female,S,Youth,None,cheap,Mrs
1,3,male,S,Adult,None,cheap,Mr
0,3,male,S,Youth,None,cheap,Mr
0,3,female,S,Youth,Few,cheap,Miss
0,3,male,S,Youth,Few,average,Mr
0,3,female,S,Youth,None,cheap,Miss
0,2,male,S,Adult,Few,average,Mr
0,3,male,S,Adult,None,reallyCheap,Mr
1,2,male,S,Teen,Few,average,Master
0,3,male,S,Youth,None,reallyCheap,Mr
0,3,female,S,NK,Many,average,Miss
0,3,male,S,NK,None,reallyCheap,Mr
0,3,male,Q,NK,None,reallyCheap,Mr
1,1,female,Q,Adult,Few,expensive,Miss
0,2,male,S,NK,None,reallyCheap,Mr
1,3,male,S,Adult,None,cheap,Mr
0,3,female,S,NK,None,cheap,Mrs
1,2,female,S,Adult,Few,expensive,Mrs
1,2,female,S,Youth,Few,cheap,Miss
0,2,male,S,Adult,None,cheap,Mr
0,3,female,S,Teen,Few,average,Miss
0,3,male,C,NK,None,reallyCheap,Mr
0,3,male,Q,Youth,None,reallyCheap,Mr
0,3,male,S,Youth,None,reallyCheap,Mr
0,3,female,S,Youth,Few,cheap,Mrs
0,3,male,S,Youth,Few,average,Mr
0,3,male,S,NK,None,reallyCheap,Mr
1,2,female,S,Youth,Few,average,Mrs
1,2,female,S,Youth,None,average,Miss
0,3,male,Q,NK,None,reallyCheap,Mr
1,3,male,S,Adult,None,cheap,Mr
1,1,male,S,Youth,None,average,Mr
1,3,female,S,NK,Few,average,Mrs
1,2,female,S,Adult,Few,average,Mrs
0,3,male,S,Youth,None,reallyCheap,Mr
0,1,male,S,Adult,Few,expensive,Mr
1,1,female,S,Youth,Many,expensive,Miss
0,3,female,S,Youth,Many,expensive,Miss
1,2,female,S,Youth,Many,average,Mrs
0,1,male,S,Adult,Many,expensive,Mr
0,2,male,S,Adult,None,cheap,Mr
1,2,female,S,Adult,Few,average,Mrs
0,3,male,S,Youth,None,cheap,Mr
0,3,male,S,Youth,Few,reallyCheap,Mr
1,2,female,S,Youth,None,cheap,Rare
1,3,male,S,NK,None,cheap,Mr
1,1,male,S,Teen,Few,expensive,Master
1,2,female,S,Youth,Few,average,Miss
1,1,male,S,Adult,None,average,Mr
1,3,female,C,Teen,Many,average,Miss
1,1,male,S,Adult,None,average,Rare
0,2,male,S,Adult,Many,average,Mr
0,3,male,S,NK,Few,average,Mr
0,1,male,C,Adult,None,average,Mr
1,1,male,C,Adult,Few,expensive,Mr
0,3,male,S,NK,None,cheap,Mr
1,3,male,C,Youth,None,reallyCheap,Mr
0,1,male,S,Adult,None,average,Mr
1,1,female,S,NK,Few,expensive,Mrs
1,2,female,S,Adult,None,cheap,Miss
0,3,male,Q,NK,None,reallyCheap,Mr
1,1,male,S,Adult,None,average,Mr
0,3,male,S,Adult,None,cheap,Mr
0,1,male,S,Adult,None,expensive,Mr
0,2,male,S,Adult,None,cheap,Mr
0,3,male,S,NK,None,cheap,Mr
0,3,male,S,Adult,None,reallyCheap,Mr
0,2,male,S,NK,None,reallyCheap,Mr
0,1,male,S,Adult,None,average,Mr
0,3,male,Q,NK,None,reallyCheap,Mr
1,3,female,C,Baby,Many,average,Miss
0,3,male,S,NK,None,reallyCheap,Mr
0,3,male,S,Adult,None,cheap,Mr
1,2,female,S,Adult,Many,average,Mrs
1,2,female,C,Youth,None,cheap,Mrs
0,3,female,S,Youth,None,cheap,Miss
0,1,male,S,NK,None,expensive,Mr
0,2,male,S,Adult,Few,average,Mr
0,3,male,S,Youth,Few,reallyCheap,Mr
0,3,male,S,Youth,None,reallyCheap,Mr
1,3,female,S,Teen,Few,cheap,Miss
0,3,male,S,Teen,Many,expensive,Master
0,2,male,S,NK,None,reallyCheap,Mr
0,3,male,S,Adult,None,cheap,Mr
1,3,female,S,Adult,None,cheap,Mrs
1,1,male,C,Youth,Few,expensive,Mr
0,3,female,S,NK,Many,average,Miss
1,1,female,S,Adult,Few,expensive,Mrs
0,1,male,C,Adult,None,average,Mr
0,3,male,S,Adult,None,cheap,Mr
1,3,male,S,Teen,Few,average,Master
0,3,male,S,NK,Few,average,Mr
0,3,male,S,Youth,None,reallyCheap,Mr
0,1,male,S,Adult,None,average,Mr
0,1,male,C,Senior,None,expensive,Mr
0,3,male,S,Youth,None,cheap,Mr
0,3,male,C,NK,None,average,Mr
1,1,female,C,Adult,Few,expensive,Miss
0,3,male,S,NK,None,average,Mr
0,1,female,S,Youth,Many,expensive,Mrs
0,3,male,S,Youth,None,reallyCheap,Mr
0,3,male,S,Youth,None,cheap,Mr
0,3,female,Q,Youth,None,reallyCheap,Miss
0,3,female,Q,NK,None,reallyCheap,Miss
0,3,female,S,Adult,None,cheap,Miss
1,1,female,S,Youth,None,expensive,Miss
0,1,male,C,Youth,Few,expensive,Mr
1,2,female,S,Adult,Few,average,Mrs
1,1,male,S,NK,None,average,Mr
0,3,male,S,Youth,None,average,Mr
1,3,male,S,Youth,None,expensive,Mr
1,3,male,Q,Youth,None,reallyCheap,Mr
0,3,male,S,NK,None,cheap,Mr
1,1,male,S,Adult,None,average,Mr
1,1,female,C,Adult,Few,expensive,Mrs
0,3,male,S,Youth,None,reallyCheap,Mr
0,1,male,S,Adult,None,expensive,Mr
1,2,female,S,Adult,None,cheap,Mrs
0,3,male,Q,NK,None,average,Mr
1,2,female,S,Adult,Few,average,Mrs
0,3,male,S,Adult,None,reallyCheap,Mr
1,1,female,S,Adult,None,expensive,Miss
0,3,male,S,Youth,None,reallyCheap,Mr
0,3,male,C,NK,None,reallyCheap,Mr
1,1,female,C,Adult,Few,expensive,Mrs
0,3,male,C,NK,None,reallyCheap,Mr
0,3,male,Q,Adult,None,reallyCheap,Mr
1,2,female,S,Adult,None,cheap,Miss
0,1,male,S,NK,None,expensive,Mr
0,3,male,S,Adult,None,cheap,Mr
0,2,male,S,Youth,Many,cheap,Mr
1,2,female,S,Teen,Few,average,Miss
0,3,male,C,NK,None,reallyCheap,Mr
0,3,male,C,Youth,Few,reallyCheap,Mr
1,3,female,C,NK,Few,average,Mrs
0,3,female,S,Adult,None,cheap,Miss
1,2,female,S,Teen,Few,average,Miss
0,1,male,S,Adult,None,average,Rare
1,1,female,C,Adult,None,expensive,Miss
0,3,male,S,NK,None,average,Mr
1,1,female,C,Youth,Few,expensive,Miss
1,1,female,S,Adult,Few,expensive,Miss
0,3,female,S,Teen,Many,expensive,Miss
0,3,female,S,Teen,Many,expensive,Miss
1,2,male,S,Adult,Few,average,Mr
0,1,male,C,Adult,Few,expensive,Mr
0,1,male,S,Adult,None,average,Mr
1,2,female,S,Youth,Few,average,Mrs
1,2,male,C,NK,None,cheap,Mr
0,3,male,S,Adult,Few,average,Mr
1,2,male,S,Teen,Few,expensive,Master
1,1,male,C,Youth,Few,expensive,Mr
0,2,male,S,Youth,None,average,Mr
0,3,male,Q,NK,None,reallyCheap,Mr
1,3,male,C,Youth,None,reallyCheap,Mr
1,3,female,S,Youth,None,reallyCheap,Miss
0,1,male,S,Adult,None,average,Mr
1,1,female,C,Adult,Few,expensive,Rare
0,1,male,C,NK,None,expensive,Mr
1,1,female,S,Adult,Few,expensive,Mrs
1,3,female,S,Adult,Few,average,Mrs
0,3,male,Q,NK,None,reallyCheap,Mr
0,3,male,S,Adult,None,reallyCheap,Mr
0,2,male,S,Youth,None,cheap,Mr
0,3,male,S,NK,None,cheap,Mr
0,3,female,S,NK,None,cheap,Miss
0,3,male,S,Youth,Few,average,Mr
0,3,male,S,Youth,None,reallyCheap,Mr
0,3,female,S,Youth,Many,average,Mrs
0,3,male,C,NK,None,reallyCheap,Mr
1,3,male,S,Adult,None,reallyCheap,Mr
1,2,male,S,Adult,None,cheap,Mr
1,1,female,S,Adult,Few,expensive,Mrs
1,1,male,S,Adult,None,average,Mr
1,3,female,Q,NK,None,reallyCheap,Miss
0,3,male,S,Youth,None,cheap,Mr
0,3,male,S,Youth,None,average,Mr
1,2,female,S,Adult,None,cheap,Miss
1,1,female,S,Adult,Few,expensive,Mrs
0,3,female,C,NK,Few,average,Mrs
1,3,male,S,Adult,None,cheap,Mr
1,2,female,S,Youth,Few,average,Miss
1,1,female,C,Adult,Few,expensive,Mrs
0,2,male,S,Adult,None,average,Mr
0,1,male,C,Adult,None,expensive,Mr
0,3,male,C,NK,None,cheap,Mr
1,1,female,S,Youth,Few,expensive,Miss
0,2,male,S,Adult,None,average,Mr
1,1,male,C,Adult,Few,expensive,Mr
0,3,male,S,Youth,None,cheap,Mr
0,3,male,S,NK,None,cheap,Mr
0,3,male,S,Adult,None,reallyCheap,Mr
1,1,female,C,Adult,Few,expensive,Mrs
0,3,male,S,Adult,None,reallyCheap,Mr
0,3,female,Q,NK,Few,reallyCheap,Miss
0,2,male,S,Adult,Few,average,Mr
0,3,male,S,Adult,Few,average,Mr
1,2,female,S,NK,None,expensive,Miss
0,3,male,S,Adult,None,reallyCheap,Mr
0,3,male,C,NK,None,reallyCheap,Mr
1,1,male,C,Adult,Few,expensive,Rare
1,2,female,S,Youth,Many,average,Mrs
0,3,male,S,NK,None,reallyCheap,Mr
0,1,male,S,NK,None,expensive,Mr
0,3,male,S,Adult,None,cheap,Mr
1,1,male,C,Adult,None,average,Mr
0,3,male,S,Adult,Few,average,Mr
0,3,male,S,Adult,None,reallyCheap,Mr
1,1,male,S,Youth,None,average,Mr
1,2,female,C,Youth,Many,expensive,Mrs
1,1,female,S,Adult,None,expensive,Miss
0,3,female,S,Adult,Many,expensive,Mrs
0,3,male,S,NK,None,reallyCheap,Mr
1,3,female,Q,NK,Few,average,Miss
0,3,male,Q,NK,None,reallyCheap,Mr
0,3,male,S,Adult,None,cheap,Mr
1,2,female,S,Youth,Many,expensive,Miss
0,3,male,S,Adult,Few,cheap,Mr
0,3,female,S,Youth,Few,average,Mrs
1,2,female,S,Teen,Many,expensive,Miss
0,2,male,S,Youth,None,cheap,Mr
0,3,male,C,Youth,Few,cheap,Mr
1,1,male,S,Adult,Few,expensive,Mr
1,3,male,C,Youth,Few,average,Mr
0,3,male,S,Youth,None,reallyCheap,Mr
0,3,male,S,Youth,None,average,Mr
0,1,male,S,Adult,None,expensive,Mr
0,2,male,Q,Adult,None,cheap,Rare
1,1,female,S,Youth,None,expensive,Miss
0,3,male,S,Youth,None,reallyCheap,Mr
0,3,male,Q,NK,None,reallyCheap,Mr
1,1,male,S,Senior,None,average,Mr
0,3,male,S,Adult,None,reallyCheap,Mr
1,1,male,C,Adult,None,average,Rare
0,1,male,S,NK,None,reallyCheap,Mr
0,3,female,S,Teen,Many,average,Miss
1,2,female,S,Youth,None,cheap,Miss
0,3,male,S,Adult,None,cheap,Mr
0,2,male,S,Adult,Few,average,Mr
0,3,female,S,Adult,Many,expensive,Mrs
0,3,male,S,NK,Few,average,Mr
0,3,male,S,Youth,None,reallyCheap,Mr
1,1,female,C,Youth,None,expensive,Rare
0,3,female,S,Teen,Many,average,Miss
1,3,male,S,NK,None,expensive,Mr
1,3,female,C,Baby,Many,average,Miss
1,1,male,C,Adult,Few,expensive,Mr
0,3,male,S,Youth,None,reallyCheap,Mr
1,1,male,C,Adult,None,expensive,Rare
0,3,male,S,NK,None,reallyCheap,Mr
1,3,female,S,Youth,None,reallyCheap,Miss
0,3,male,S,NK,None,reallyCheap,Mr
1,2,female,S,Youth,Few,average,Miss
0,3,male,S,Youth,None,cheap,Mr
1,3,female,Q,NK,None,reallyCheap,Miss
0,3,female,Q,Youth,None,reallyCheap,Miss
0,2,male,S,Youth,Few,expensive,Mr
0,3,male,S,NK,None,reallyCheap,Mr
0,3,female,Q,Adult,Few,average,Mrs
0,2,male,S,Youth,None,cheap,Mr
0,1,male,C,Adult,Few,expensive,Mr
1,1,male,S,Adult,Few,expensive,Rare
0,3,male,C,Adult,None,reallyCheap,Mr
0,1,male,S,Adult,None,average,Mr
0,3,male,S,Adult,None,reallyCheap,Mr
1,3,male,S,Youth,Few,cheap,Mr
0,2,male,S,Adult,Few,expensive,Mr
0,2,male,S,Youth,None,cheap,Mr
0,3,male,S,NK,None,reallyCheap,Mr
0,3,male,S,Adult,None,cheap,Mr
1,1,female,S,NK,Few,expensive,Mrs
1,2,female,S,Adult,Few,expensive,Mrs
0,1,male,S,Adult,Few,expensive,Mr
0,2,male,S,Senior,None,cheap,Mr
1,2,male,S,Adult,None,cheap,Mr
0,2,male,S,NK,None,reallyCheap,Mr
0,3,male,S,Youth,None,reallyCheap,Mr
0,3,male,S,Youth,None,cheap,Mr
1,3,female,S,Youth,None,cheap,Miss
0,3,female,S,Adult,Many,expensive,Mrs
1,1,male,C,Adult,Few,expensive,Mr
0,3,female,Q,NK,None,cheap,Miss
1,1,male,C,Youth,None,expensive,Mr
0,3,male,S,Youth,None,cheap,Mr
0,3,male,S,Youth,Many,expensive,Mr
0,2,male,S,Adult,Few,expensive,Mr
0,2,male,C,Youth,Many,expensive,Mr
0,3,male,S,Youth,Many,expensive,Mr
0,3,male,S,Youth,None,cheap,Mr
0,3,male,S,Youth,None,reallyCheap,Mr
1,1,female,S,Youth,Few,expensive,Miss
1,1,male,S,Adult,Few,expensive,Mr
1,3,female,C,Teen,Few,cheap,Miss
1,3,male,S,NK,None,expensive,Mr
0,3,male,C,Youth,None,reallyCheap,Mr
0,1,male,S,Adult,None,average,Rare
0,2,male,S,Adult,None,cheap,Mr
0,3,male,S,Adult,None,cheap,Mr
1,3,female,Q,NK,None,reallyCheap,Miss
0,1,male,C,Adult,Few,expensive,Mr
0,3,male,S,Adult,None,reallyCheap,Mr
1,1,female,C,Youth,Few,expensive,Mrs
1,1,male,S,Adult,None,average,Mr
0,3,female,C,Youth,Few,cheap,Miss
0,3,male,Q,Youth,None,reallyCheap,Mr
0,3,male,S,Youth,Few,reallyCheap,Mr
0,2,male,S,Adult,None,average,Mr
1,2,female,S,Adult,None,cheap,Mrs
1,1,male,S,Adult,None,average,Mr
1,1,female,S,Youth,None,expensive,Miss
1,3,male,C,NK,Few,average,Master
1,1,female,C,Youth,None,expensive,Rare
0,1,male,S,NK,None,average,Mr
1,1,male,S,Adult,Few,expensive,Mr
0,3,male,S,Youth,None,cheap,Mr
0,2,male,S,Adult,None,cheap,Mr
0,3,male,S,Youth,None,reallyCheap,Mr
1,1,female,C,Adult,None,expensive,Miss
1,2,female,S,Youth,None,cheap,Miss
0,3,male,Q,NK,None,average,Mr
0,3,male,S,Adult,None,reallyCheap,Mr
1,2,female,S,Teen,Few,expensive,Miss
0,3,male,S,Youth,Few,reallyCheap,Mr
0,2,male,S,Adult,None,cheap,Mr
0,2,male,S,Adult,None,cheap,Mr
1,1,male,S,Youth,Few,expensive,Mr
0,3,male,S,Youth,None,cheap,Mr
1,2,female,S,Adult,Many,average,Mrs
1,3,female,Q,NK,None,reallyCheap,Miss
0,2,male,S,Youth,Few,average,Mr
0,3,female,S,Youth,Few,cheap,Miss
1,1,female,S,Youth,None,expensive,Miss
0,3,male,C,Teen,None,average,Mr
0,2,male,S,NK,None,reallyCheap,Mr
0,2,male,S,Youth,None,cheap,Mr
0,2,male,S,Youth,None,cheap,Mr
0,3,male,S,Youth,None,average,Mr
0,3,female,S,Adult,Many,expensive,Mrs
1,1,male,C,Adult,None,expensive,Mr
0,3,male,S,NK,None,reallyCheap,Mr
0,3,male,S,NK,None,reallyCheap,Mr
1,1,male,S,NK,None,average,Mr
0,1,male,S,Adult,Few,expensive,Mr
1,1,female,C,Youth,Many,expensive,Miss
0,3,male,S,Youth,Few,average,Mr
1,3,male,S,Adult,None,cheap,Mr
0,1,male,S,Senior,Few,expensive,Rare
0,3,male,S,Youth,Few,average,Mr
1,2,female,S,Adult,None,cheap,Miss
0,1,male,S,Youth,Few,expensive,Mr
0,3,male,Q,Adult,None,reallyCheap,Mr
1,2,female,S,Teen,Few,average,Miss
1,3,male,S,Teen,Few,cheap,Master
0,3,male,S,Adult,None,cheap,Mr
0,3,male,S,Youth,None,reallyCheap,Mr
1,2,female,S,Adult,Many,expensive,Mrs
1,2,male,S,Baby,Few,average,Master
0,3,male,S,Youth,None,reallyCheap,Mr
0,2,male,S,Youth,None,cheap,Mr
0,3,male,S,Adult,None,cheap,Mr
1,1,female,S,Adult,None,expensive,Rare
0,3,male,S,NK,None,average,Mr
0,3,male,S,Adult,None,reallyCheap,Mr
1,3,male,C,Youth,None,reallyCheap,Mr
1,1,female,S,Adult,Many,expensive,Mrs
0,3,male,S,Youth,None,reallyCheap,Mr
1,1,female,S,Adult,Few,expensive,Mrs
0,1,male,C,NK,None,expensive,Rare
0,3,female,Q,Adult,None,reallyCheap,Miss
0,3,male,Q,NK,Few,average,Mr
0,3,male,S,Adult,None,cheap,Mr
0,3,male,S,Youth,None,cheap,Mr
0,3,male,S,Adult,None,reallyCheap,Mr
0,2,female,S,Adult,None,cheap,Mrs
0,3,male,C,NK,None,reallyCheap,Mr
1,2,female,S,Adult,Many,average,Mrs
0,3,male,S,Youth,None,reallyCheap,Mr
0,3,male,Q,NK,None,reallyCheap,Mr
1,3,female,S,Teen,None,cheap,Miss
0,3,male,Q,NK,None,reallyCheap,Mr
1,1,female,S,Adult,Few,expensive,Mrs
1,3,female,C,Youth,None,reallyCheap,Miss
1,1,female,S,Youth,Few,expensive,Mrs
0,1,male,S,Youth,None,average,Mr
0,3,male,S,NK,Many,average,Mr
0,3,male,S,Youth,None,reallyCheap,Mr
0,3,male,S,Youth,None,reallyCheap,Mr
1,3,female,S,Youth,None,reallyCheap,Miss
0,3,male,Q,Teen,Many,average,Master
1,3,male,S,Baby,Many,average,Master
0,1,male,C,Adult,None,expensive,Mr
0,3,male,Q,NK,None,reallyCheap,Mr
0,2,male,S,Youth,None,average,Mr
0,3,female,S,NK,Many,expensive,Miss
0,1,male,C,NK,None,average,Mr
0,3,male,S,Youth,None,reallyCheap,Mr
0,2,male,S,Adult,None,cheap,Mr
1,1,female,S,Adult,None,average,Rare
1,3,female,S,Adult,None,cheap,Mrs
0,3,male,C,Adult,None,reallyCheap,Mr
0,3,female,S,Adult,Few,average,Mrs
0,2,male,S,Adult,None,cheap,Mr
1,2,female,S,Adult,Few,average,Mrs
1,1,male,S,Teen,Many,expensive,Master
1,3,male,C,Baby,Few,cheap,Master
1,3,male,S,Youth,None,reallyCheap,Mr
0,3,male,S,Adult,None,reallyCheap,Mr
0,1,male,S,Adult,None,reallyCheap,Mr
0,3,female,S,Youth,None,reallyCheap,Miss
0,2,male,S,Adult,None,cheap,Mr
1,1,female,S,Adult,Few,expensive,Mrs
0,3,male,S,Youth,None,reallyCheap,Mr
0,3,male,S,Adult,None,average,Mr
0,2,male,S,Adult,None,cheap,Mr
0,3,female,S,Teen,Many,expensive,Miss
0,3,male,S,Adult,None,cheap,Mr
0,1,male,S,NK,None,reallyCheap,Mr
0,3,female,S,Youth,None,cheap,Miss
0,2,male,C,Adult,Few,expensive,Mr
0,3,male,S,Adult,None,reallyCheap,Mr
0,3,male,S,Teen,Many,average,Master
1,1,female,S,Adult,Few,expensive,Mrs
1,3,male,S,Youth,None,cheap,Mr
0,1,male,S,Adult,None,reallyCheap,Rare
1,3,female,S,Youth,Few,cheap,Mrs
0,3,male,S,Teen,Many,expensive,Master
0,3,male,Q,NK,None,reallyCheap,Mr
0,3,male,S,NK,None,expensive,Mr
1,2,male,C,Baby,Few,expensive,Master
1,3,male,Q,NK,None,reallyCheap,Mr
1,3,female,C,Youth,Few,cheap,Mrs
1,2,male,S,Baby,Few,average,Master
0,3,male,C,NK,None,reallyCheap,Mr
0,3,male,S,Youth,None,reallyCheap,Mr
0,3,male,S,Youth,None,cheap,Mr
1,1,female,C,Adult,Few,expensive,Miss
0,3,male,S,Youth,None,cheap,Mr
0,3,male,S,NK,None,cheap,Mr
1,3,male,S,Adult,None,expensive,Mr
1,1,male,C,NK,None,average,Mr
0,3,male,S,Youth,None,cheap,Mr
0,2,male,S,Youth,None,cheap,Mr
1,1,female,C,Adult,None,average,Miss
0,3,male,C,Adult,None,reallyCheap,Mr
0,3,male,S,Youth,None,cheap,Mr
0,3,male,S,Adult,None,reallyCheap,Mr
0,3,male,S,NK,Many,expensive,Mr
0,3,male,C,Adult,None,reallyCheap,Mr
0,2,male,S,Youth,Few,expensive,Rare
1,1,female,C,NK,Few,expensive,Mrs
0,3,male,S,Teen,Many,expensive,Master
0,3,male,S,Senior,None,reallyCheap,Mr
0,3,female,C,Teen,Few,average,Miss
1,1,female,S,Youth,Few,expensive,Miss
0,2,female,S,Adult,Few,average,Mrs
1,3,female,S,Youth,Few,cheap,Mrs
1,1,female,S,Adult,Few,expensive,Mrs
1,1,male,S,Adult,None,average,Mr
1,3,female,C,Youth,Many,average,Mrs
0,3,male,C,NK,None,reallyCheap,Mr
0,3,male,S,Adult,Few,cheap,Mr
0,2,male,S,Youth,Few,cheap,Mr
1,1,female,S,Adult,None,average,Mrs
0,3,female,S,NK,Many,expensive,Miss
0,2,male,S,Youth,None,cheap,Mr
1,2,female,S,Adult,None,cheap,Mrs
1,2,female,C,Youth,Few,cheap,Miss
0,1,male,S,Adult,None,expensive,Mr
0,3,male,S,NK,None,cheap,Mr
1,3,male,S,Teen,Few,cheap,Master
0,3,male,S,Youth,None,reallyCheap,Mr
1,1,female,S,Adult,Few,expensive,Mrs
0,1,male,S,Adult,None,reallyCheap,Mr
0,3,male,S,Adult,None,cheap,Mr
1,2,female,C,Youth,Few,average,Mrs
1,3,female,C,Youth,None,reallyCheap,Miss
0,3,male,S,Youth,None,cheap,Mr
0,3,male,S,Youth,None,reallyCheap,Mr
0,3,male,S,NK,None,reallyCheap,Mr
1,1,female,C,Adult,Few,expensive,Mrs
1,2,female,S,Youth,Few,average,Mrs
0,3,male,S,Adult,None,reallyCheap,Mr
0,3,female,S,Youth,None,cheap,Miss
0,2,male,S,Youth,None,cheap,Mr
0,3,male,S,Youth,None,reallyCheap,Mr
0,3,female,Q,Adult,Many,average,Mrs
0,2,male,S,Youth,None,cheap,Rare
1,1,female,S,Youth,None,average,Miss
0,3,female,S,NK,Many,average,Miss
1,1,male,C,Youth,None,average,Mr
0,3,male,Q,Adult,None,reallyCheap,Mr
