<?xml version="1.0" encoding="UTF-8"?>
<project-private xmlns="http://www.netbeans.org/ns/project-private/1">
    <editor-bookmarks xmlns="http://www.netbeans.org/ns/editor-bookmarks/2" lastBookmarkId="0"/>
    <open-files xmlns="http://www.netbeans.org/ns/projectui-open-files/2">
        <group>
            <file>file:/C:/Users/ONUR/OneDrive/Masaüstü/Algonquin%20College/Algonquin%20College%20v3/Network%20Programming/Lab10/PeerTutorServletDAO/src/java/dataaccesslayer/DataSource.java</file>
            <file>file:/C:/Users/ONUR/OneDrive/Masaüstü/Algonquin%20College/Algonquin%20College%20v3/Network%20Programming/Lab10/PeerTutorServletDAO/src/java/transferobject/PeerTutor.java</file>
            <file>file:/C:/Users/ONUR/OneDrive/Masaüstü/Algonquin%20College/Algonquin%20College%20v3/Network%20Programming/Lab10/PeerTutorServletDAO/src/java/dataaccesslayer/PeerTutorDAOImpl.java</file>
            <file>file:/C:/Users/ONUR/OneDrive/Masaüstü/Algonquin%20College/Algonquin%20College%20v3/Network%20Programming/Lab10/PeerTutorServletDAO/src/java/dataaccesslayer/PeerTutorDAO.java</file>
            <file>file:/C:/Users/ONUR/OneDrive/Masaüstü/Algonquin%20College/Algonquin%20College%20v3/Network%20Programming/Lab10/PeerTutorServletDAO/web/WEB-INF/web.xml</file>
            <file>file:/C:/Users/ONUR/OneDrive/Masaüstü/Algonquin%20College/Algonquin%20College%20v3/Network%20Programming/Lab10/PeerTutorServletDAO/src/java/peertutor-MySQL.sql</file>
            <file>file:/C:/Users/ONUR/OneDrive/Masaüstü/Algonquin%20College/Algonquin%20College%20v3/Network%20Programming/Lab10/PeerTutorServletDAO/src/java/businesslayer/PeerTutorBusinessLogic.java</file>
            <file>file:/C:/Users/ONUR/OneDrive/Masaüstü/Algonquin%20College/Algonquin%20College%20v3/Network%20Programming/Lab10/PeerTutorServletDAO/web/index.htm</file>
            <file>file:/C:/Users/ONUR/OneDrive/Masaüstü/Algonquin%20College/Algonquin%20College%20v3/Network%20Programming/Lab10/PeerTutorServletDAO/src/java/viewlayer/PeerTutorServlet.java</file>
        </group>
    </open-files>
</project-private>
