<?xml version="1.0" encoding="UTF-8"?>
<project-private xmlns="http://www.netbeans.org/ns/project-private/1">
    <editor-bookmarks xmlns="http://www.netbeans.org/ns/editor-bookmarks/2" lastBookmarkId="0"/>
    <open-files xmlns="http://www.netbeans.org/ns/projectui-open-files/2">
        <group>
            <file>file:/C:/Users/ONUR/OneDrive/Masaüstü/Algonquin%20College/Algonquin%20College%20v3/Java%20OOP%20Design%20Patterns/Assignment%2001/GamingPCAbstractFactoryStarter/GamingPCAbstractFactoryStarter/src/gaming_pcs_pkg/G4LGamingPC.java</file>
            <file>file:/C:/Users/ONUR/OneDrive/Masaüstü/Algonquin%20College/Algonquin%20College%20v3/Java%20OOP%20Design%20Patterns/Assignment%2001/GamingPCAbstractFactoryStarter/GamingPCAbstractFactoryStarter/src/gaming_pc_components_pkg/G4LCPU.java</file>
            <file>file:/C:/Users/ONUR/OneDrive/Masaüstü/Algonquin%20College/Algonquin%20College%20v3/Java%20OOP%20Design%20Patterns/Assignment%2001/GamingPCAbstractFactoryStarter/GamingPCAbstractFactoryStarter/src/gaming_pc_factories_pkg/WRGGamingPCFactory.java</file>
            <file>file:/C:/Users/ONUR/OneDrive/Masaüstü/Algonquin%20College/Algonquin%20College%20v3/Java%20OOP%20Design%20Patterns/Assignment%2001/GamingPCAbstractFactoryStarter/GamingPCAbstractFactoryStarter/src/gaming_pc_components_pkg/WRGCPU.java</file>
            <file>file:/C:/Users/ONUR/OneDrive/Masaüstü/Algonquin%20College/Algonquin%20College%20v3/Java%20OOP%20Design%20Patterns/Assignment%2001/GamingPCAbstractFactoryStarter/GamingPCAbstractFactoryStarter/src/gaming_pc_building_pkg/GamingPCBuilding.java</file>
            <file>file:/C:/Users/ONUR/OneDrive/Masaüstü/Algonquin%20College/Algonquin%20College%20v3/Java%20OOP%20Design%20Patterns/Assignment%2001/GamingPCAbstractFactoryStarter/GamingPCAbstractFactoryStarter/src/gaming_pcs_pkg/GamingPC.java</file>
            <file>file:/C:/Users/ONUR/OneDrive/Masaüstü/Algonquin%20College/Algonquin%20College%20v3/Java%20OOP%20Design%20Patterns/Assignment%2001/GamingPCAbstractFactoryStarter/GamingPCAbstractFactoryStarter/src/gaming_pc_building_pkg/ConcreteGamingPCBuilding.java</file>
            <file>file:/C:/Users/ONUR/OneDrive/Masaüstü/Algonquin%20College/Algonquin%20College%20v3/Java%20OOP%20Design%20Patterns/Assignment%2001/GamingPCAbstractFactoryStarter/GamingPCAbstractFactoryStarter/src/gaming_pc_components_pkg/G4LRAM.java</file>
            <file>file:/C:/Users/ONUR/OneDrive/Masaüstü/Algonquin%20College/Algonquin%20College%20v3/Java%20OOP%20Design%20Patterns/Assignment%2001/GamingPCAbstractFactoryStarter/GamingPCAbstractFactoryStarter/src/gaming_pc_main_pkg/GamingPCFactoryTest.java</file>
            <file>file:/C:/Users/ONUR/OneDrive/Masaüstü/Algonquin%20College/Algonquin%20College%20v3/Java%20OOP%20Design%20Patterns/Assignment%2001/GamingPCAbstractFactoryStarter/GamingPCAbstractFactoryStarter/src/gaming_pc_components_pkg/G4LGraphicsAdapter.java</file>
            <file>file:/C:/Users/ONUR/OneDrive/Masaüstü/Algonquin%20College/Algonquin%20College%20v3/Java%20OOP%20Design%20Patterns/Assignment%2001/GamingPCAbstractFactoryStarter/GamingPCAbstractFactoryStarter/src/gaming_pc_components_pkg/WRGRAM.java</file>
            <file>file:/C:/Users/ONUR/OneDrive/Masaüstü/Algonquin%20College/Algonquin%20College%20v3/Java%20OOP%20Design%20Patterns/Assignment%2001/GamingPCAbstractFactoryStarter/GamingPCAbstractFactoryStarter/src/gaming_pc_components_pkg/RAM.java</file>
            <file>file:/C:/Users/ONUR/OneDrive/Masaüstü/Algonquin%20College/Algonquin%20College%20v3/Java%20OOP%20Design%20Patterns/Assignment%2001/GamingPCAbstractFactoryStarter/GamingPCAbstractFactoryStarter/src/gaming_pc_components_pkg/WRGStorage.java</file>
            <file>file:/C:/Users/ONUR/OneDrive/Masaüstü/Algonquin%20College/Algonquin%20College%20v3/Java%20OOP%20Design%20Patterns/Assignment%2001/GamingPCAbstractFactoryStarter/GamingPCAbstractFactoryStarter/src/gaming_pc_components_pkg/CPU.java</file>
            <file>file:/C:/Users/ONUR/OneDrive/Masaüstü/Algonquin%20College/Algonquin%20College%20v3/Java%20OOP%20Design%20Patterns/Assignment%2001/GamingPCAbstractFactoryStarter/GamingPCAbstractFactoryStarter/src/gaming_pc_components_pkg/G4LStorage.java</file>
            <file>file:/C:/Users/ONUR/OneDrive/Masaüstü/Algonquin%20College/Algonquin%20College%20v3/Java%20OOP%20Design%20Patterns/Assignment%2001/GamingPCAbstractFactoryStarter/GamingPCAbstractFactoryStarter/src/gaming_pcs_pkg/WRGGamingPC.java</file>
            <file>file:/C:/Users/ONUR/OneDrive/Masaüstü/Algonquin%20College/Algonquin%20College%20v3/Java%20OOP%20Design%20Patterns/Assignment%2001/GamingPCAbstractFactoryStarter/GamingPCAbstractFactoryStarter/src/gaming_pc_components_pkg/Storage.java</file>
            <file>file:/C:/Users/ONUR/OneDrive/Masaüstü/Algonquin%20College/Algonquin%20College%20v3/Java%20OOP%20Design%20Patterns/Assignment%2001/GamingPCAbstractFactoryStarter/GamingPCAbstractFactoryStarter/src/gaming_pc_components_pkg/WRGGraphicsAdapter.java</file>
            <file>file:/C:/Users/ONUR/OneDrive/Masaüstü/Algonquin%20College/Algonquin%20College%20v3/Java%20OOP%20Design%20Patterns/Assignment%2001/GamingPCAbstractFactoryStarter/GamingPCAbstractFactoryStarter/src/gaming_pc_factories_pkg/G4LGamingPCFactory.java</file>
            <file>file:/C:/Users/ONUR/OneDrive/Masaüstü/Algonquin%20College/Algonquin%20College%20v3/Java%20OOP%20Design%20Patterns/Assignment%2001/GamingPCAbstractFactoryStarter/GamingPCAbstractFactoryStarter/src/gaming_pc_factories_pkg/GamingPCFactory.java</file>
            <file>file:/C:/Users/ONUR/OneDrive/Masaüstü/Algonquin%20College/Algonquin%20College%20v3/Java%20OOP%20Design%20Patterns/Assignment%2001/GamingPCAbstractFactoryStarter/GamingPCAbstractFactoryStarter/src/gaming_pc_components_pkg/GraphicsAdapter.java</file>
        </group>
    </open-files>
</project-private>
