{
	"info": {
		"_postman_id": "80b76663-1e80-4676-946c-fc014de2a7ac",
		"name": "REST-ACMECollege-Sample",
		"schema": "https://schema.getpostman.com/json/collection/v2.1.0/collection.json",
		"_exporter_id": "29746475"
	},
	"item": [
		{
			"name": "GET All Students (admin)",
			"request": {
				"auth": {
					"type": "basic",
					"basic": [
						{
							"key": "password",
							"value": "admin",
							"type": "string"
						},
						{
							"key": "username",
							"value": "admin",
							"type": "string"
						}
					]
				},
				"method": "GET",
				"header": [],
				"url": {
					"raw": "http://localhost:8080/rest-acmecollege/api/v1/student",
					"protocol": "http",
					"host": [
						"localhost"
					],
					"port": "8080",
					"path": [
						"rest-acmecollege",
						"api",
						"v1",
						"student"
					]
				}
			},
			"response": []
		},
		{
			"name": "GET All Students (user)",
			"request": {
				"auth": {
					"type": "basic",
					"basic": [
						{
							"key": "password",
							"value": "8277",
							"type": "string"
						},
						{
							"key": "username",
							"value": "cst8277",
							"type": "string"
						}
					]
				},
				"method": "GET",
				"header": [],
				"url": {
					"raw": "http://localhost:8080/rest-acmecollege/api/v1/student",
					"protocol": "http",
					"host": [
						"localhost"
					],
					"port": "8080",
					"path": [
						"rest-acmecollege",
						"api",
						"v1",
						"student"
					]
				}
			},
			"response": []
		},
		{
			"name": "GET Student By ID (admin)",
			"request": {
				"auth": {
					"type": "basic",
					"basic": [
						{
							"key": "password",
							"value": "admin",
							"type": "string"
						},
						{
							"key": "username",
							"value": "admin",
							"type": "string"
						}
					]
				},
				"method": "GET",
				"header": [],
				"url": {
					"raw": "http://localhost:8080/rest-acmecollege/api/v1/student/1",
					"protocol": "http",
					"host": [
						"localhost"
					],
					"port": "8080",
					"path": [
						"rest-acmecollege",
						"api",
						"v1",
						"student",
						"1"
					]
				}
			},
			"response": []
		},
		{
			"name": "GET Student By ID (user)",
			"request": {
				"auth": {
					"type": "basic",
					"basic": [
						{
							"key": "password",
							"value": "8277",
							"type": "string"
						},
						{
							"key": "username",
							"value": "cst8277",
							"type": "string"
						}
					]
				},
				"method": "GET",
				"header": [],
				"url": {
					"raw": "http://localhost:8080/rest-acmecollege/api/v1/student/1",
					"protocol": "http",
					"host": [
						"localhost"
					],
					"port": "8080",
					"path": [
						"rest-acmecollege",
						"api",
						"v1",
						"student",
						"1"
					]
				}
			},
			"response": []
		},
		{
			"name": "POST New Student (admin)",
			"request": {
				"auth": {
					"type": "basic",
					"basic": [
						{
							"key": "password",
							"value": "admin",
							"type": "string"
						},
						{
							"key": "username",
							"value": "admin",
							"type": "string"
						}
					]
				},
				"method": "POST",
				"header": [],
				"body": {
					"mode": "raw",
					"raw": "{\r\n    \"firstName\": \"Michael\",\r\n    \"lastName\": \"Smith\"\r\n}",
					"options": {
						"raw": {
							"language": "json"
						}
					}
				},
				"url": {
					"raw": "http://localhost:8080/rest-acmecollege/api/v1/student",
					"protocol": "http",
					"host": [
						"localhost"
					],
					"port": "8080",
					"path": [
						"rest-acmecollege",
						"api",
						"v1",
						"student"
					]
				}
			},
			"response": []
		},
		{
			"name": "POST New Student (user)",
			"request": {
				"auth": {
					"type": "basic",
					"basic": [
						{
							"key": "password",
							"value": "8277",
							"type": "string"
						},
						{
							"key": "username",
							"value": "cst8277",
							"type": "string"
						}
					]
				},
				"method": "POST",
				"header": [],
				"body": {
					"mode": "raw",
					"raw": "{\r\n    \"firstName\": \"Michael\",\r\n    \"lastName\": \"Smith\"\r\n}",
					"options": {
						"raw": {
							"language": "json"
						}
					}
				},
				"url": {
					"raw": "http://localhost:8080/rest-acmecollege/api/v1/student",
					"protocol": "http",
					"host": [
						"localhost"
					],
					"port": "8080",
					"path": [
						"rest-acmecollege",
						"api",
						"v1",
						"student"
					]
				}
			},
			"response": []
		},
		{
			"name": "DELETE Student By ID (admin)",
			"request": {
				"auth": {
					"type": "basic",
					"basic": [
						{
							"key": "password",
							"value": "admin",
							"type": "string"
						},
						{
							"key": "username",
							"value": "admin",
							"type": "string"
						}
					]
				},
				"method": "DELETE",
				"header": [],
				"url": {
					"raw": "http://localhost:8080/rest-acmecollege/api/v1/student/2",
					"protocol": "http",
					"host": [
						"localhost"
					],
					"port": "8080",
					"path": [
						"rest-acmecollege",
						"api",
						"v1",
						"student",
						"2"
					]
				}
			},
			"response": []
		},
		{
			"name": "DELETE Student By ID (user)",
			"request": {
				"auth": {
					"type": "basic",
					"basic": [
						{
							"key": "password",
							"value": "8288",
							"type": "string"
						},
						{
							"key": "username",
							"value": "cst8288",
							"type": "string"
						}
					]
				},
				"method": "DELETE",
				"header": [],
				"url": {
					"raw": "http://localhost:8080/rest-acmecollege/api/v1/student/2",
					"protocol": "http",
					"host": [
						"localhost"
					],
					"port": "8080",
					"path": [
						"rest-acmecollege",
						"api",
						"v1",
						"student",
						"2"
					]
				}
			},
			"response": []
		},
		{
			"name": "GET All Professors (admin)",
			"request": {
				"auth": {
					"type": "basic",
					"basic": [
						{
							"key": "password",
							"value": "admin",
							"type": "string"
						},
						{
							"key": "username",
							"value": "admin",
							"type": "string"
						}
					]
				},
				"method": "GET",
				"header": [],
				"url": {
					"raw": "http://localhost:8080/rest-acmecollege/api/v1/professor",
					"protocol": "http",
					"host": [
						"localhost"
					],
					"port": "8080",
					"path": [
						"rest-acmecollege",
						"api",
						"v1",
						"professor"
					]
				}
			},
			"response": []
		},
		{
			"name": "GET All Professors (user)",
			"request": {
				"auth": {
					"type": "basic",
					"basic": [
						{
							"key": "password",
							"value": "8277",
							"type": "string"
						},
						{
							"key": "username",
							"value": "cst8277",
							"type": "string"
						}
					]
				},
				"method": "GET",
				"header": [],
				"url": {
					"raw": "http://localhost:8080/rest-acmecollege/api/v1/professor",
					"protocol": "http",
					"host": [
						"localhost"
					],
					"port": "8080",
					"path": [
						"rest-acmecollege",
						"api",
						"v1",
						"professor"
					]
				}
			},
			"response": []
		},
		{
			"name": "GET Profesor By ID (admin)",
			"request": {
				"auth": {
					"type": "basic",
					"basic": [
						{
							"key": "password",
							"value": "admin",
							"type": "string"
						},
						{
							"key": "username",
							"value": "admin",
							"type": "string"
						}
					]
				},
				"method": "GET",
				"header": [],
				"url": {
					"raw": "http://localhost:8080/rest-acmecollege/api/v1/professor/1",
					"protocol": "http",
					"host": [
						"localhost"
					],
					"port": "8080",
					"path": [
						"rest-acmecollege",
						"api",
						"v1",
						"professor",
						"1"
					]
				}
			},
			"response": []
		},
		{
			"name": "GET Professor By ID (user)",
			"request": {
				"auth": {
					"type": "basic",
					"basic": [
						{
							"key": "password",
							"value": "8277",
							"type": "string"
						},
						{
							"key": "username",
							"value": "cst8277",
							"type": "string"
						}
					]
				},
				"method": "GET",
				"header": [],
				"url": {
					"raw": "http://localhost:8080/rest-acmecollege/api/v1/professor/1",
					"protocol": "http",
					"host": [
						"localhost"
					],
					"port": "8080",
					"path": [
						"rest-acmecollege",
						"api",
						"v1",
						"professor",
						"1"
					]
				}
			},
			"response": []
		},
		{
			"name": "POST New Professor (admin)",
			"request": {
				"auth": {
					"type": "basic",
					"basic": [
						{
							"key": "password",
							"value": "admin",
							"type": "string"
						},
						{
							"key": "username",
							"value": "admin",
							"type": "string"
						}
					]
				},
				"method": "POST",
				"header": [],
				"body": {
					"mode": "raw",
					"raw": "{\r\n    \"firstName\": \"Charles\",\r\n    \"lastName\": \"Xavier\",\r\n    \"department\": \"Physics\"\r\n}",
					"options": {
						"raw": {
							"language": "json"
						}
					}
				},
				"url": {
					"raw": "http://localhost:8080/rest-acmecollege/api/v1/professor",
					"protocol": "http",
					"host": [
						"localhost"
					],
					"port": "8080",
					"path": [
						"rest-acmecollege",
						"api",
						"v1",
						"professor"
					]
				}
			},
			"response": []
		},
		{
			"name": "POST New Professor (user)",
			"request": {
				"auth": {
					"type": "basic",
					"basic": [
						{
							"key": "password",
							"value": "8277",
							"type": "string"
						},
						{
							"key": "username",
							"value": "cst8277",
							"type": "string"
						}
					]
				},
				"method": "POST",
				"header": [],
				"body": {
					"mode": "raw",
					"raw": "{\r\n    \"firstName\": \"Charles\",\r\n    \"lastName\": \"Xavier\",\r\n    \"department\": \"Physics\"\r\n}",
					"options": {
						"raw": {
							"language": "json"
						}
					}
				},
				"url": {
					"raw": "http://localhost:8080/rest-acmecollege/api/v1/professor",
					"protocol": "http",
					"host": [
						"localhost"
					],
					"port": "8080",
					"path": [
						"rest-acmecollege",
						"api",
						"v1",
						"professor"
					]
				}
			},
			"response": []
		},
		{
			"name": "DELETE Professor By ID (admin)",
			"request": {
				"auth": {
					"type": "basic",
					"basic": [
						{
							"key": "password",
							"value": "admin",
							"type": "string"
						},
						{
							"key": "username",
							"value": "admin",
							"type": "string"
						}
					]
				},
				"method": "DELETE",
				"header": [],
				"url": {
					"raw": "http://localhost:8080/rest-acmecollege/api/v1/professor/2",
					"protocol": "http",
					"host": [
						"localhost"
					],
					"port": "8080",
					"path": [
						"rest-acmecollege",
						"api",
						"v1",
						"professor",
						"2"
					]
				}
			},
			"response": []
		},
		{
			"name": "DELETE Professor By ID (user)",
			"request": {
				"auth": {
					"type": "basic",
					"basic": [
						{
							"key": "password",
							"value": "8277",
							"type": "string"
						},
						{
							"key": "username",
							"value": "cst8277",
							"type": "string"
						}
					]
				},
				"method": "DELETE",
				"header": [],
				"url": {
					"raw": "http://localhost:8080/rest-acmecollege/api/v1/professor/2",
					"protocol": "http",
					"host": [
						"localhost"
					],
					"port": "8080",
					"path": [
						"rest-acmecollege",
						"api",
						"v1",
						"professor",
						"2"
					]
				}
			},
			"response": []
		},
		{
			"name": "GET All Courses (admin)",
			"request": {
				"auth": {
					"type": "basic",
					"basic": [
						{
							"key": "password",
							"value": "admin",
							"type": "string"
						},
						{
							"key": "username",
							"value": "admin",
							"type": "string"
						}
					]
				},
				"method": "GET",
				"header": [],
				"url": {
					"raw": "http://localhost:8080/rest-acmecollege/api/v1/course",
					"protocol": "http",
					"host": [
						"localhost"
					],
					"port": "8080",
					"path": [
						"rest-acmecollege",
						"api",
						"v1",
						"course"
					]
				}
			},
			"response": []
		},
		{
			"name": "GET All Courses (user)",
			"request": {
				"auth": {
					"type": "basic",
					"basic": [
						{
							"key": "password",
							"value": "8277",
							"type": "string"
						},
						{
							"key": "username",
							"value": "cst8277",
							"type": "string"
						}
					]
				},
				"method": "GET",
				"header": [],
				"url": {
					"raw": "http://localhost:8080/rest-acmecollege/api/v1/course",
					"protocol": "http",
					"host": [
						"localhost"
					],
					"port": "8080",
					"path": [
						"rest-acmecollege",
						"api",
						"v1",
						"course"
					]
				}
			},
			"response": []
		},
		{
			"name": "GET Course By ID (admin)",
			"request": {
				"auth": {
					"type": "basic",
					"basic": [
						{
							"key": "password",
							"value": "admin",
							"type": "string"
						},
						{
							"key": "username",
							"value": "admin",
							"type": "string"
						}
					]
				},
				"method": "GET",
				"header": [],
				"url": {
					"raw": "http://localhost:8080/rest-acmecollege/api/v1/course/1",
					"protocol": "http",
					"host": [
						"localhost"
					],
					"port": "8080",
					"path": [
						"rest-acmecollege",
						"api",
						"v1",
						"course",
						"1"
					]
				}
			},
			"response": []
		},
		{
			"name": "GET Course By ID (user)",
			"request": {
				"auth": {
					"type": "basic",
					"basic": [
						{
							"key": "password",
							"value": "8277",
							"type": "string"
						},
						{
							"key": "username",
							"value": "cst8277",
							"type": "string"
						}
					]
				},
				"method": "GET",
				"header": [],
				"url": {
					"raw": "http://localhost:8080/rest-acmecollege/api/v1/course/1",
					"protocol": "http",
					"host": [
						"localhost"
					],
					"port": "8080",
					"path": [
						"rest-acmecollege",
						"api",
						"v1",
						"course",
						"1"
					]
				}
			},
			"response": []
		},
		{
			"name": "POST New Course (admin)",
			"request": {
				"auth": {
					"type": "basic",
					"basic": [
						{
							"key": "password",
							"value": "admin",
							"type": "string"
						},
						{
							"key": "username",
							"value": "admin",
							"type": "string"
						}
					]
				},
				"method": "POST",
				"header": [],
				"body": {
					"mode": "raw",
					"raw": "{\r\n    \"courseCode\": \"CST8101\",\r\n    \"courseTitle\": \"Computer Essentials\",\r\n    \"year\": 2022,\r\n    \"semester\": \"WINTER\",\r\n    \"creditUnits\": 3,\r\n    \"online\": 0\r\n}",
					"options": {
						"raw": {
							"language": "json"
						}
					}
				},
				"url": {
					"raw": "http://localhost:8080/rest-acmecollege/api/v1/course",
					"protocol": "http",
					"host": [
						"localhost"
					],
					"port": "8080",
					"path": [
						"rest-acmecollege",
						"api",
						"v1",
						"course"
					]
				}
			},
			"response": []
		},
		{
			"name": "POST New Course (user)",
			"request": {
				"auth": {
					"type": "basic",
					"basic": [
						{
							"key": "password",
							"value": "8277",
							"type": "string"
						},
						{
							"key": "username",
							"value": "cst8277",
							"type": "string"
						}
					]
				},
				"method": "POST",
				"header": [],
				"body": {
					"mode": "raw",
					"raw": "{\r\n    \"courseCode\": \"CST8101\",\r\n    \"courseTitle\": \"Computer Essentials\",\r\n    \"year\": 2022,\r\n    \"semester\": \"WINTER\",\r\n    \"creditUnits\": 3,\r\n    \"online\": 0\r\n}",
					"options": {
						"raw": {
							"language": "json"
						}
					}
				},
				"url": {
					"raw": "http://localhost:8080/rest-acmecollege/api/v1/course",
					"protocol": "http",
					"host": [
						"localhost"
					],
					"port": "8080",
					"path": [
						"rest-acmecollege",
						"api",
						"v1",
						"course"
					]
				}
			},
			"response": []
		},
		{
			"name": "DELETE Course By ID (admin)",
			"request": {
				"auth": {
					"type": "basic",
					"basic": [
						{
							"key": "password",
							"value": "admin",
							"type": "string"
						},
						{
							"key": "username",
							"value": "admin",
							"type": "string"
						}
					]
				},
				"method": "DELETE",
				"header": [],
				"url": {
					"raw": "http://localhost:8080/rest-acmecollege/api/v1/course/3",
					"protocol": "http",
					"host": [
						"localhost"
					],
					"port": "8080",
					"path": [
						"rest-acmecollege",
						"api",
						"v1",
						"course",
						"3"
					]
				}
			},
			"response": []
		},
		{
			"name": "DELETE Course By ID (user)",
			"request": {
				"auth": {
					"type": "basic",
					"basic": [
						{
							"key": "password",
							"value": "8277",
							"type": "string"
						},
						{
							"key": "username",
							"value": "cst8277",
							"type": "string"
						}
					]
				},
				"method": "DELETE",
				"header": [],
				"url": {
					"raw": "http://localhost:8080/rest-acmecollege/api/v1/course/3",
					"protocol": "http",
					"host": [
						"localhost"
					],
					"port": "8080",
					"path": [
						"rest-acmecollege",
						"api",
						"v1",
						"course",
						"3"
					]
				}
			},
			"response": []
		},
		{
			"name": "GET All Student Clubs (admin)",
			"request": {
				"auth": {
					"type": "basic",
					"basic": [
						{
							"key": "password",
							"value": "admin",
							"type": "string"
						},
						{
							"key": "username",
							"value": "admin",
							"type": "string"
						}
					]
				},
				"method": "GET",
				"header": [],
				"url": {
					"raw": "http://localhost:8080/rest-acmecollege/api/v1/studentclub",
					"protocol": "http",
					"host": [
						"localhost"
					],
					"port": "8080",
					"path": [
						"rest-acmecollege",
						"api",
						"v1",
						"studentclub"
					]
				}
			},
			"response": []
		},
		{
			"name": "GET All Student Clubs (user)",
			"request": {
				"auth": {
					"type": "basic",
					"basic": [
						{
							"key": "password",
							"value": "8277",
							"type": "string"
						},
						{
							"key": "username",
							"value": "cst8277",
							"type": "string"
						}
					]
				},
				"method": "GET",
				"header": [],
				"url": {
					"raw": "http://localhost:8080/rest-acmecollege/api/v1/studentclub",
					"protocol": "http",
					"host": [
						"localhost"
					],
					"port": "8080",
					"path": [
						"rest-acmecollege",
						"api",
						"v1",
						"studentclub"
					]
				}
			},
			"response": []
		},
		{
			"name": "GET Student Club By ID (admin)",
			"request": {
				"auth": {
					"type": "basic",
					"basic": [
						{
							"key": "password",
							"value": "admin",
							"type": "string"
						},
						{
							"key": "username",
							"value": "admin",
							"type": "string"
						}
					]
				},
				"method": "GET",
				"header": [],
				"url": {
					"raw": "http://localhost:8080/rest-acmecollege/api/v1/studentclub/2",
					"protocol": "http",
					"host": [
						"localhost"
					],
					"port": "8080",
					"path": [
						"rest-acmecollege",
						"api",
						"v1",
						"studentclub",
						"2"
					]
				}
			},
			"response": []
		},
		{
			"name": "GET Student Club By ID (user)",
			"request": {
				"auth": {
					"type": "basic",
					"basic": [
						{
							"key": "password",
							"value": "8277",
							"type": "string"
						},
						{
							"key": "username",
							"value": "cst8277",
							"type": "string"
						}
					]
				},
				"method": "GET",
				"header": [],
				"url": {
					"raw": "http://localhost:8080/rest-acmecollege/api/v1/studentclub/1",
					"protocol": "http",
					"host": [
						"localhost"
					],
					"port": "8080",
					"path": [
						"rest-acmecollege",
						"api",
						"v1",
						"studentclub",
						"1"
					]
				}
			},
			"response": []
		},
		{
			"name": "POST New Student Club (admin)",
			"request": {
				"auth": {
					"type": "basic",
					"basic": [
						{
							"key": "password",
							"value": "admin",
							"type": "string"
						},
						{
							"key": "username",
							"value": "admin",
							"type": "string"
						}
					]
				},
				"method": "POST",
				"header": [],
				"body": {
					"mode": "raw",
					"raw": "{\r\n    \"name\": \"New Student Club\",\r\n    \"entity-type\": \"academic_student_club\"\r\n}",
					"options": {
						"raw": {
							"language": "json"
						}
					}
				},
				"url": {
					"raw": "http://localhost:8080/rest-acmecollege/api/v1/studentclub",
					"protocol": "http",
					"host": [
						"localhost"
					],
					"port": "8080",
					"path": [
						"rest-acmecollege",
						"api",
						"v1",
						"studentclub"
					]
				}
			},
			"response": []
		},
		{
			"name": "POST New Student Club (user)",
			"request": {
				"auth": {
					"type": "basic",
					"basic": [
						{
							"key": "password",
							"value": "8288",
							"type": "string"
						},
						{
							"key": "username",
							"value": "cst8288",
							"type": "string"
						}
					]
				},
				"method": "POST",
				"header": [],
				"body": {
					"mode": "raw",
					"raw": "{\r\n    \"name\": \"New Student Club\",\r\n    \"entity-type\": \"academic_student_club\"\r\n}",
					"options": {
						"raw": {
							"language": "json"
						}
					}
				},
				"url": {
					"raw": "http://localhost:8080/rest-acmecollege/api/v1/studentclub",
					"protocol": "http",
					"host": [
						"localhost"
					],
					"port": "8080",
					"path": [
						"rest-acmecollege",
						"api",
						"v1",
						"studentclub"
					]
				}
			},
			"response": []
		},
		{
			"name": "DELETE Student Club By ID (admin)",
			"request": {
				"auth": {
					"type": "basic",
					"basic": [
						{
							"key": "password",
							"value": "admin",
							"type": "string"
						},
						{
							"key": "username",
							"value": "admin",
							"type": "string"
						}
					]
				},
				"method": "DELETE",
				"header": [],
				"url": {
					"raw": "http://localhost:8080/rest-acmecollege/api/v1/studentclub/3",
					"protocol": "http",
					"host": [
						"localhost"
					],
					"port": "8080",
					"path": [
						"rest-acmecollege",
						"api",
						"v1",
						"studentclub",
						"3"
					]
				}
			},
			"response": []
		},
		{
			"name": "DELETE Student Club By ID (user)",
			"request": {
				"auth": {
					"type": "basic",
					"basic": [
						{
							"key": "password",
							"value": "8288",
							"type": "string"
						},
						{
							"key": "username",
							"value": "cst8288",
							"type": "string"
						}
					]
				},
				"method": "DELETE",
				"header": [],
				"url": {
					"raw": "http://localhost:8080/rest-acmecollege/api/v1/studentclub/2",
					"protocol": "http",
					"host": [
						"localhost"
					],
					"port": "8080",
					"path": [
						"rest-acmecollege",
						"api",
						"v1",
						"studentclub",
						"2"
					]
				}
			},
			"response": []
		},
		{
			"name": "GET all Membership Cards (admin)",
			"request": {
				"auth": {
					"type": "basic",
					"basic": [
						{
							"key": "password",
							"value": "admin",
							"type": "string"
						},
						{
							"key": "username",
							"value": "admin",
							"type": "string"
						}
					]
				},
				"method": "GET",
				"header": [],
				"url": {
					"raw": "http://localhost:8080/rest-acmecollege/api/v1/membershipcards",
					"protocol": "http",
					"host": [
						"localhost"
					],
					"port": "8080",
					"path": [
						"rest-acmecollege",
						"api",
						"v1",
						"membershipcards"
					]
				}
			},
			"response": []
		},
		{
			"name": "GET cards by studentID (admin)",
			"request": {
				"auth": {
					"type": "basic",
					"basic": [
						{
							"key": "password",
							"value": "admin",
							"type": "string"
						},
						{
							"key": "username",
							"value": "admin",
							"type": "string"
						}
					]
				},
				"method": "GET",
				"header": [],
				"url": {
					"raw": "http://localhost:8080/rest-acmecollege/api/v1/membershipcards/1",
					"protocol": "http",
					"host": [
						"localhost"
					],
					"port": "8080",
					"path": [
						"rest-acmecollege",
						"api",
						"v1",
						"membershipcards",
						"1"
					]
				}
			},
			"response": []
		},
		{
			"name": "POST new membership card (admin)",
			"request": {
				"auth": {
					"type": "basic",
					"basic": [
						{
							"key": "password",
							"value": "admin",
							"type": "string"
						},
						{
							"key": "username",
							"value": "admin",
							"type": "string"
						}
					]
				},
				"method": "POST",
				"header": [],
				"body": {
					"mode": "raw",
					"raw": "{\r\n    \"signed\": 0, // or 1, depending on the boolean value\r\n    \"owner\": {\r\n        \"id\": 1 \r\n    }\r\n}\r\n",
					"options": {
						"raw": {
							"language": "json"
						}
					}
				},
				"url": {
					"raw": "http://localhost:8080/rest-acmecollege/api/v1/membershipcards/",
					"protocol": "http",
					"host": [
						"localhost"
					],
					"port": "8080",
					"path": [
						"rest-acmecollege",
						"api",
						"v1",
						"membershipcards",
						""
					]
				}
			},
			"response": []
		}
	]
}